sex	age	region	income	politic
False	26	eastern	53800.00	conservative
False	19	western	39200.00	moderate
True	19	central	80800.00	liberal
False	52	eastern	86700.00	conservative
False	56	eastern	89200.00	liberal
False	23	eastern	70800.00	liberal
True	61	central	73100.00	conservative
False	65	eastern	72100.00	liberal
False	35	eastern	88200.00	moderate
False	52	eastern	84800.00	moderate
False	30	eastern	60500.00	conservative
False	19	western	47100.00	conservative
False	61	western	27800.00	liberal
False	37	eastern	61600.00	moderate
True	47	eastern	61300.00	conservative
True	66	eastern	31300.00	moderate
False	55	central	24000.00	liberal
True	60	central	62800.00	conservative
True	22	western	67300.00	liberal
True	68	western	28500.00	conservative
False	26	western	82700.00	conservative
False	55	central	88000.00	conservative
False	23	central	29000.00	conservative
False	31	eastern	32700.00	moderate
False	29	eastern	82800.00	liberal
False	40	eastern	55600.00	liberal
False	40	western	78200.00	moderate
True	67	western	51200.00	conservative
True	41	western	49700.00	moderate
True	55	eastern	74800.00	conservative
True	62	central	75500.00	liberal
True	25	central	87900.00	moderate
False	46	central	86200.00	moderate
False	60	central	54200.00	liberal
True	45	central	67100.00	moderate
True	32	eastern	30900.00	moderate
True	35	central	67200.00	moderate
False	22	eastern	66500.00	conservative
False	25	western	39300.00	moderate
True	33	western	62100.00	moderate
True	47	central	46500.00	moderate
False	23	central	75100.00	conservative
False	28	western	39100.00	conservative
True	52	central	76300.00	conservative
True	56	central	82100.00	conservative
True	53	central	40900.00	conservative
True	50	western	54700.00	moderate
True	51	eastern	49700.00	moderate
True	59	central	74200.00	conservative
False	51	eastern	59700.00	moderate
True	53	central	74000.00	conservative
False	67	eastern	32000.00	liberal
True	18	eastern	79500.00	liberal
False	33	eastern	26300.00	moderate
False	35	western	83000.00	conservative
True	32	central	51100.00	moderate
False	57	eastern	51000.00	liberal
True	35	western	88700.00	moderate
True	66	central	28800.00	conservative
False	56	western	87200.00	liberal
True	38	central	84100.00	moderate
False	35	western	59700.00	moderate
False	42	western	85000.00	liberal
True	59	central	30900.00	conservative
True	33	western	37500.00	liberal
False	24	eastern	50400.00	moderate
True	49	western	55600.00	moderate
True	49	western	59600.00	moderate
False	43	central	34700.00	moderate
False	40	eastern	71700.00	moderate
True	63	eastern	41200.00	conservative
False	26	eastern	47700.00	conservative
False	19	central	74200.00	conservative
False	31	central	22900.00	moderate
False	22	eastern	54200.00	conservative
True	21	eastern	37900.00	liberal
False	22	western	37800.00	moderate
False	58	western	51000.00	liberal
False	26	western	56700.00	conservative
False	30	central	87100.00	conservative
False	25	western	35400.00	moderate
False	48	eastern	49900.00	moderate
False	32	central	64100.00	moderate
True	25	eastern	23800.00	moderate
True	47	eastern	73400.00	moderate
False	61	eastern	83600.00	liberal
True	50	eastern	88600.00	moderate
False	59	western	45500.00	liberal
True	43	central	76400.00	moderate
True	38	central	53500.00	moderate
False	22	western	61800.00	conservative
True	48	eastern	70800.00	conservative
True	62	central	39900.00	conservative
True	65	central	89700.00	liberal
True	54	eastern	82600.00	conservative
False	60	eastern	61400.00	liberal
True	63	eastern	87800.00	moderate
True	68	central	85000.00	conservative
False	45	western	48700.00	moderate
True	33	western	40700.00	conservative
True	45	eastern	48300.00	moderate
False	45	western	86000.00	moderate
False	59	central	45000.00	liberal
False	58	central	67800.00	moderate
False	55	eastern	29600.00	liberal
True	19	central	58900.00	liberal
False	19	eastern	88300.00	conservative
True	57	central	36700.00	conservative
False	42	central	83300.00	moderate
False	38	eastern	63800.00	moderate
False	24	eastern	53500.00	moderate
False	65	central	56900.00	liberal
False	31	eastern	39000.00	moderate
True	43	eastern	20700.00	conservative
False	58	central	76900.00	liberal
False	52	western	81600.00	moderate
True	36	central	55200.00	moderate
True	58	western	83800.00	conservative
False	58	central	33800.00	conservative
False	47	eastern	86400.00	moderate
True	41	eastern	42400.00	moderate
True	43	western	20200.00	moderate
True	51	western	26400.00	moderate
False	29	eastern	48200.00	conservative
False	50	western	49400.00	moderate
True	34	central	83300.00	moderate
False	18	central	58100.00	liberal
False	58	central	63700.00	liberal
False	19	eastern	76100.00	conservative
False	48	eastern	86900.00	moderate
False	50	western	68000.00	moderate
False	21	eastern	33600.00	conservative
False	20	western	63000.00	conservative
False	52	central	23400.00	moderate
True	19	western	55500.00	liberal
False	27	eastern	53300.00	conservative
False	19	western	49500.00	conservative
False	33	central	70200.00	moderate
False	51	eastern	83700.00	moderate
False	27	central	29800.00	conservative
True	20	eastern	84000.00	liberal
True	32	central	74700.00	moderate
True	60	central	84800.00	liberal
True	55	western	74300.00	moderate
False	63	central	81300.00	conservative
True	45	western	84200.00	moderate
True	58	central	84600.00	conservative
True	37	western	24100.00	conservative
False	46	eastern	71900.00	moderate
False	64	western	42500.00	moderate
True	65	eastern	60700.00	conservative
True	54	eastern	43500.00	conservative
True	50	eastern	89900.00	moderate
False	46	western	73300.00	moderate
True	38	central	32700.00	moderate
True	42	central	58300.00	liberal
False	48	central	81700.00	moderate
True	23	central	53200.00	conservative
False	26	central	86800.00	conservative
False	58	western	23300.00	liberal
True	68	eastern	86100.00	conservative
True	67	central	35000.00	conservative
True	31	eastern	32300.00	liberal
True	55	central	71200.00	conservative
False	24	western	75000.00	conservative
False	52	central	67500.00	moderate
False	66	eastern	47200.00	liberal
True	53	central	64000.00	moderate
True	40	western	63400.00	moderate
True	35	central	78900.00	moderate
False	35	western	26500.00	moderate
True	51	western	86000.00	moderate
False	37	western	63400.00	moderate
False	18	central	85100.00	conservative
False	60	eastern	35400.00	liberal
False	39	western	49500.00	moderate
True	21	western	35200.00	liberal
True	39	central	46900.00	conservative
False	47	western	82600.00	moderate
True	69	western	64200.00	conservative
False	68	central	46000.00	moderate
False	51	western	48600.00	moderate
True	43	central	61400.00	moderate
True	20	eastern	35700.00	liberal
True	54	eastern	49300.00	conservative
False	35	western	57200.00	moderate
False	46	western	87700.00	moderate
True	21	central	53400.00	liberal
False	42	western	42300.00	moderate
True	31	eastern	46500.00	liberal
False	19	central	24400.00	conservative
True	42	eastern	21800.00	moderate
False	25	western	77700.00	conservative
True	43	eastern	54100.00	moderate
False	53	central	49800.00	liberal
True	62	central	35100.00	liberal
True	69	eastern	33600.00	conservative
True	47	eastern	70400.00	moderate
True	65	central	74800.00	conservative
True	64	eastern	37800.00	conservative
False	37	western	43700.00	moderate
True	59	eastern	31500.00	conservative
True	51	eastern	60900.00	moderate
False	33	central	41800.00	moderate
True	47	eastern	65000.00	moderate
True	55	central	66700.00	conservative
False	44	eastern	76700.00	moderate
False	40	western	52900.00	liberal
False	19	western	29600.00	moderate
False	27	western	61600.00	liberal
False	42	western	73100.00	moderate
False	49	eastern	76200.00	moderate
True	53	eastern	34200.00	conservative
True	53	central	44600.00	conservative
False	29	western	42000.00	liberal
True	36	western	21800.00	moderate
True	53	central	78200.00	conservative
True	69	central	35800.00	conservative
False	20	central	65800.00	conservative
False	24	eastern	28900.00	conservative
True	20	central	81200.00	liberal
False	55	central	53100.00	liberal
False	52	eastern	72100.00	liberal
True	54	eastern	66200.00	conservative
True	43	eastern	88400.00	moderate
False	35	central	81200.00	moderate
False	52	western	47700.00	moderate
True	28	eastern	37800.00	liberal
False	37	western	33800.00	moderate
True	45	central	71100.00	moderate
True	61	central	50800.00	conservative
False	30	central	82100.00	conservative
False	33	western	86700.00	liberal
True	61	western	74700.00	conservative
False	57	western	42900.00	liberal
False	34	eastern	87100.00	moderate
True	19	central	83100.00	liberal
True	18	central	31000.00	liberal
True	67	western	32500.00	liberal
False	65	eastern	82400.00	liberal
False	30	western	52000.00	conservative
False	28	central	85700.00	conservative
True	22	eastern	60500.00	liberal
True	51	eastern	68800.00	conservative
False	35	eastern	26800.00	moderate
True	36	eastern	78400.00	moderate
True	19	western	37500.00	liberal
False	52	western	24300.00	moderate
True	36	eastern	81500.00	moderate
True	49	eastern	29100.00	liberal
True	60	western	23300.00	conservative
False	46	central	81400.00	moderate
True	67	central	83500.00	moderate
False	35	eastern	39700.00	moderate
True	35	central	46300.00	moderate
False	53	eastern	42100.00	liberal
False	43	central	25400.00	moderate
False	35	eastern	43200.00	moderate
False	42	central	24000.00	moderate
False	46	central	83400.00	moderate
True	63	western	82600.00	liberal
False	52	western	45800.00	moderate
True	39	eastern	41700.00	moderate
False	67	western	38500.00	liberal
True	32	central	73500.00	conservative
False	32	eastern	52600.00	liberal
False	48	eastern	85300.00	liberal
False	47	eastern	42500.00	moderate
True	65	western	47200.00	moderate
False	20	eastern	69700.00	conservative
True	28	central	52900.00	liberal
True	35	central	34300.00	moderate
False	39	eastern	53900.00	moderate
True	51	central	79200.00	moderate
False	21	central	73400.00	conservative
False	45	central	45700.00	moderate
False	22	central	81600.00	conservative
False	44	central	33100.00	conservative
False	62	central	73300.00	liberal
False	22	eastern	22000.00	conservative
True	38	central	77400.00	liberal
False	58	central	71800.00	liberal
False	27	eastern	55600.00	conservative
True	46	central	30300.00	moderate
False	29	central	32000.00	liberal
False	47	central	22000.00	moderate
False	36	western	33400.00	moderate
True	52	eastern	23900.00	conservative
True	57	western	56000.00	conservative
False	39	western	89700.00	moderate
False	30	central	40300.00	conservative
True	63	central	22300.00	conservative
False	28	western	68800.00	conservative
True	23	western	22000.00	liberal
True	25	western	82000.00	liberal
True	44	central	53100.00	moderate
False	49	eastern	70500.00	conservative
True	41	western	50400.00	conservative
True	59	central	85600.00	moderate
False	66	central	42300.00	liberal
False	25	eastern	89400.00	conservative
False	19	eastern	81100.00	moderate
False	69	western	89800.00	liberal
False	21	eastern	85800.00	conservative
False	54	western	20200.00	liberal
True	62	eastern	60500.00	conservative
False	44	central	62500.00	moderate
False	30	western	87100.00	conservative
True	28	western	86200.00	liberal
True	26	western	63400.00	liberal
False	55	eastern	50800.00	liberal
True	28	central	37000.00	conservative
False	36	eastern	86100.00	moderate
False	66	eastern	22400.00	conservative
False	38	eastern	87800.00	moderate
True	35	eastern	75100.00	moderate
True	33	central	88900.00	moderate
True	36	eastern	44400.00	moderate
False	39	western	88300.00	moderate
True	25	eastern	80000.00	liberal
False	22	eastern	24200.00	conservative
False	51	central	53700.00	moderate
False	66	central	87700.00	conservative
True	38	eastern	81600.00	moderate
True	31	western	85600.00	moderate
False	24	eastern	89800.00	conservative
False	48	western	50600.00	moderate
True	28	eastern	81600.00	conservative
False	62	eastern	65500.00	conservative
True	40	central	51500.00	liberal
False	45	western	79000.00	moderate
True	33	eastern	38000.00	moderate
False	58	eastern	87000.00	liberal
False	40	central	57200.00	moderate
False	38	central	41000.00	moderate
True	50	western	86200.00	moderate
False	40	central	61100.00	moderate
True	36	eastern	40100.00	moderate
False	28	western	50900.00	moderate
True	56	central	37600.00	conservative
True	52	eastern	66400.00	moderate
False	48	central	35200.00	moderate
False	54	central	80600.00	moderate
False	48	central	22300.00	moderate
False	53	eastern	62700.00	liberal
False	57	central	42100.00	liberal
True	34	western	80500.00	moderate
True	30	central	45900.00	liberal
True	58	central	87300.00	moderate
True	40	central	85300.00	moderate
False	66	eastern	84900.00	liberal
True	45	western	29800.00	liberal
True	32	eastern	72500.00	moderate
False	53	western	43000.00	moderate
True	50	central	32300.00	moderate
False	44	eastern	70100.00	moderate
True	42	eastern	86700.00	moderate
False	53	central	81100.00	conservative
True	26	central	36900.00	moderate
True	47	eastern	33900.00	moderate
True	43	western	64900.00	moderate
True	27	central	85900.00	moderate
True	38	eastern	29400.00	moderate
True	68	central	38700.00	conservative
True	37	eastern	63000.00	moderate
True	47	western	87000.00	moderate
False	38	eastern	64000.00	moderate
True	36	western	48900.00	moderate
False	53	central	30200.00	moderate
True	61	western	78100.00	conservative
True	68	central	27400.00	conservative
True	51	eastern	59000.00	moderate
True	45	eastern	37400.00	conservative
False	38	western	85900.00	moderate
False	67	central	60900.00	conservative
True	38	western	52600.00	moderate
True	60	eastern	80300.00	conservative
False	68	eastern	58200.00	liberal
True	35	western	78300.00	moderate
True	22	eastern	67400.00	liberal
True	27	western	82000.00	liberal
False	48	western	57400.00	moderate
False	64	central	40300.00	liberal
True	21	western	62300.00	liberal
True	20	central	84800.00	liberal
True	42	eastern	55100.00	moderate
True	60	central	77000.00	conservative
False	62	western	44700.00	liberal
False	33	central	21800.00	moderate
False	37	eastern	21600.00	moderate
False	61	eastern	80400.00	conservative
False	47	eastern	57600.00	conservative
False	50	western	58000.00	moderate
False	60	western	69500.00	liberal
True	34	central	29400.00	moderate
False	58	western	59600.00	liberal
False	47	western	22900.00	moderate
False	32	western	89400.00	liberal
False	20	eastern	71600.00	moderate
False	32	western	80400.00	moderate
True	38	western	40500.00	conservative
False	33	eastern	55300.00	moderate
False	64	eastern	83700.00	liberal
False	69	central	25800.00	liberal
False	29	eastern	31200.00	conservative
True	40	western	70900.00	moderate
False	35	eastern	32100.00	liberal
True	28	eastern	89900.00	liberal
True	42	western	40000.00	moderate
True	35	central	51500.00	moderate
False	68	western	85200.00	liberal
False	35	western	87800.00	moderate
False	47	eastern	28300.00	moderate
True	62	central	58000.00	conservative
False	51	western	84100.00	moderate
False	22	western	35100.00	moderate
False	43	western	55800.00	moderate
True	53	western	59400.00	moderate
False	49	central	76600.00	moderate
True	60	western	43500.00	liberal
False	33	western	85300.00	liberal
True	25	western	27100.00	moderate
True	23	western	41700.00	liberal
False	23	eastern	72100.00	conservative
True	35	central	89700.00	liberal
False	21	eastern	41900.00	conservative
True	59	western	87200.00	liberal
True	53	western	55500.00	conservative
False	38	western	68400.00	moderate
False	50	eastern	51400.00	moderate
False	24	central	39300.00	conservative
False	19	central	70200.00	conservative
True	41	western	54900.00	moderate
False	69	eastern	45400.00	conservative
True	64	eastern	20200.00	conservative
False	68	eastern	68800.00	liberal
True	40	eastern	77900.00	moderate
False	20	western	46500.00	conservative
True	22	eastern	85100.00	moderate
True	59	western	24400.00	conservative
False	50	western	22100.00	moderate
True	45	western	61400.00	moderate
False	35	western	86900.00	moderate
False	41	central	87400.00	moderate
False	40	western	80700.00	moderate
True	39	eastern	85200.00	moderate
False	62	central	74000.00	liberal
False	39	central	44100.00	moderate
False	26	eastern	48300.00	conservative
False	66	eastern	88700.00	moderate
True	18	eastern	87800.00	liberal
False	21	eastern	66400.00	conservative
True	42	eastern	24200.00	moderate
True	42	central	89100.00	moderate
False	58	central	23300.00	liberal
False	33	eastern	87200.00	moderate
True	47	western	22100.00	moderate
False	58	central	32000.00	liberal
True	59	central	89400.00	conservative
False	33	eastern	63900.00	moderate
True	56	eastern	45000.00	conservative
False	28	western	56500.00	conservative
True	44	central	24600.00	moderate
True	60	central	46400.00	conservative
False	23	western	78700.00	conservative
False	39	eastern	51100.00	moderate
False	56	western	45700.00	liberal
True	45	eastern	83200.00	moderate
True	45	central	48500.00	moderate
True	59	eastern	60100.00	conservative
True	46	central	33900.00	moderate
True	32	eastern	31100.00	liberal
True	46	eastern	78100.00	moderate
False	51	western	80100.00	moderate
True	48	eastern	88000.00	moderate
True	65	eastern	61400.00	conservative
False	37	central	39200.00	moderate
False	43	central	77300.00	moderate
False	26	western	68000.00	conservative
True	43	central	56600.00	moderate
True	26	central	83600.00	moderate
False	28	western	81900.00	conservative
False	57	western	53900.00	liberal
True	55	western	46100.00	conservative
True	30	western	29000.00	liberal
False	51	eastern	34200.00	liberal
True	49	western	81100.00	moderate
True	35	western	73500.00	moderate
False	31	central	84600.00	conservative
False	45	western	43400.00	conservative
True	33	eastern	63800.00	moderate
False	50	eastern	76900.00	moderate
True	49	western	38300.00	moderate
False	51	western	64700.00	moderate
True	43	central	28300.00	moderate
True	61	western	47400.00	conservative
False	54	western	73400.00	liberal
True	30	western	27900.00	conservative
False	27	western	83600.00	conservative
False	53	central	76600.00	moderate
False	46	eastern	60400.00	moderate
True	56	eastern	82800.00	moderate
True	34	eastern	31000.00	moderate
False	20	central	70400.00	conservative
True	33	western	43800.00	moderate
False	67	western	42700.00	liberal
False	39	western	86400.00	moderate
False	20	western	84600.00	conservative
True	54	eastern	74200.00	conservative
True	52	central	66600.00	moderate
True	37	central	42500.00	moderate
False	43	central	83300.00	moderate
True	45	eastern	36700.00	moderate
True	21	eastern	47800.00	liberal
False	44	western	89900.00	moderate
False	46	central	61700.00	liberal
True	18	western	68000.00	moderate
True	44	eastern	46500.00	moderate
True	56	central	27000.00	conservative
False	20	central	77100.00	conservative
False	50	western	70500.00	moderate
False	41	western	52800.00	moderate
True	36	western	50100.00	moderate
False	57	western	22100.00	liberal
True	30	eastern	86200.00	liberal
True	24	eastern	51200.00	liberal
False	53	central	22100.00	liberal
False	30	central	85400.00	conservative
True	43	eastern	65600.00	conservative
False	50	central	42800.00	moderate
True	49	central	62500.00	moderate
False	42	eastern	42600.00	conservative
True	36	western	84000.00	moderate
False	19	western	39100.00	moderate
True	34	eastern	89900.00	moderate
False	35	western	36800.00	moderate
False	58	western	71200.00	liberal
True	60	central	87300.00	conservative
False	51	western	23900.00	moderate
False	51	central	62500.00	moderate
True	19	central	75900.00	conservative
False	43	eastern	70700.00	moderate
False	48	eastern	84700.00	moderate
False	32	eastern	68800.00	liberal
False	62	western	53100.00	conservative
True	65	eastern	41200.00	conservative
False	32	eastern	69600.00	moderate
False	41	eastern	32200.00	moderate
False	39	western	84000.00	conservative
True	64	eastern	88900.00	conservative
False	27	western	86800.00	conservative
False	32	western	87900.00	moderate
True	47	western	41700.00	moderate
False	40	central	62600.00	moderate
True	21	eastern	44100.00	liberal
True	35	central	67700.00	liberal
True	62	western	40400.00	conservative
False	33	central	64900.00	moderate
True	50	central	82200.00	moderate
True	39	central	31400.00	moderate
True	45	western	43800.00	moderate
False	26	western	61400.00	conservative
True	59	western	73800.00	conservative
True	25	central	87900.00	moderate
True	24	central	55200.00	liberal
False	33	central	56600.00	moderate
False	55	central	48600.00	moderate
False	65	eastern	46400.00	liberal
False	51	central	83300.00	moderate
True	59	central	44000.00	conservative
False	34	central	66500.00	moderate
False	54	eastern	72400.00	liberal
False	53	eastern	57200.00	moderate
False	63	eastern	25400.00	liberal
True	63	eastern	47400.00	conservative
True	28	central	57500.00	liberal
True	30	eastern	65400.00	moderate
False	21	eastern	49600.00	conservative
False	67	eastern	67100.00	liberal
True	29	central	43100.00	liberal
True	23	central	70100.00	liberal
True	19	eastern	89500.00	liberal
True	40	western	21000.00	moderate
False	39	western	50400.00	moderate
True	21	central	50600.00	liberal
False	56	eastern	77300.00	liberal
True	37	central	86400.00	moderate
False	22	western	45000.00	liberal
False	36	western	51400.00	moderate
True	48	eastern	26100.00	moderate
False	39	eastern	39300.00	conservative
True	67	eastern	66000.00	conservative
False	35	eastern	71500.00	moderate
True	51	central	29800.00	moderate
False	28	western	41600.00	conservative
False	28	western	89100.00	conservative
False	21	central	47400.00	conservative
True	64	central	80800.00	conservative
True	36	western	77300.00	moderate
True	25	central	21600.00	conservative
True	58	eastern	40000.00	conservative
True	44	western	83300.00	moderate
True	32	western	20000.00	moderate
True	36	western	54200.00	moderate
False	29	central	62400.00	moderate
True	43	western	22800.00	moderate
False	32	eastern	57800.00	moderate
True	49	western	85100.00	moderate
False	23	western	78300.00	conservative
True	28	central	87400.00	conservative
True	62	central	62800.00	conservative
False	23	eastern	68300.00	moderate
True	50	western	89600.00	moderate
False	20	western	45300.00	conservative
False	33	western	64400.00	moderate
True	48	eastern	58500.00	moderate
True	23	central	88300.00	liberal
True	44	central	37200.00	moderate
True	19	eastern	89800.00	liberal
False	25	central	59000.00	liberal
False	32	eastern	63300.00	moderate
True	26	central	49500.00	liberal
True	21	eastern	33000.00	liberal
False	34	central	86700.00	moderate
True	45	eastern	46800.00	moderate
False	19	eastern	22500.00	conservative
False	45	western	30400.00	moderate
False	49	western	75500.00	moderate
True	28	eastern	40800.00	conservative
True	25	eastern	41100.00	liberal
False	20	eastern	40200.00	moderate
False	49	eastern	83700.00	moderate
True	48	eastern	88200.00	moderate
True	36	central	76500.00	moderate
True	53	eastern	81800.00	moderate
True	44	western	25300.00	moderate
False	64	central	87600.00	conservative
True	19	eastern	76900.00	liberal
False	63	western	80700.00	liberal
True	53	central	87200.00	conservative
False	68	eastern	76400.00	liberal
True	43	western	73300.00	moderate
True	60	eastern	21500.00	conservative
False	21	western	89100.00	conservative
True	68	central	80200.00	conservative
False	20	eastern	88100.00	conservative
False	33	eastern	32000.00	moderate
True	54	western	45900.00	conservative
True	43	western	83000.00	moderate
False	36	central	58400.00	moderate
False	66	central	76100.00	liberal
False	65	western	81600.00	moderate
True	52	central	69200.00	moderate
False	41	eastern	34400.00	moderate
False	31	eastern	77200.00	moderate
True	38	central	58300.00	moderate
True	40	western	54000.00	moderate
True	32	eastern	48200.00	conservative
True	49	western	21900.00	conservative
True	38	central	46500.00	moderate
True	48	eastern	80700.00	moderate
False	40	central	68300.00	conservative
False	52	central	84800.00	moderate
False	32	central	33300.00	moderate
False	58	western	40800.00	liberal
True	43	eastern	24900.00	moderate
False	62	eastern	68000.00	conservative
True	60	eastern	62700.00	conservative
False	24	western	60100.00	conservative
True	31	western	64200.00	liberal
False	38	central	68200.00	moderate
True	46	central	85400.00	moderate
False	31	central	60200.00	conservative
False	43	central	83200.00	moderate
True	29	eastern	65600.00	conservative
True	36	central	38600.00	moderate
True	34	western	41700.00	moderate
True	57	central	65000.00	conservative
False	42	central	86900.00	moderate
False	63	eastern	83400.00	liberal
True	27	eastern	53200.00	liberal
True	43	central	25000.00	moderate
True	27	eastern	86800.00	liberal
False	51	central	83700.00	moderate
True	23	eastern	81200.00	liberal
True	67	eastern	23500.00	conservative
True	51	eastern	53300.00	moderate
True	40	eastern	84100.00	liberal
True	47	western	78000.00	moderate
False	27	western	20500.00	moderate
True	41	central	20000.00	liberal
True	55	eastern	69100.00	conservative
False	40	eastern	27500.00	moderate
True	47	central	39200.00	moderate
True	53	eastern	56200.00	conservative
False	30	eastern	84000.00	conservative
True	24	eastern	60900.00	liberal
False	49	central	43000.00	moderate
True	46	western	83000.00	moderate
False	52	central	37500.00	moderate
False	42	western	55200.00	conservative
True	62	western	70000.00	conservative
False	66	western	70800.00	liberal
True	37	central	86500.00	moderate
True	24	western	41500.00	liberal
True	43	eastern	88300.00	liberal
True	19	central	29300.00	moderate
False	58	central	82500.00	conservative
True	40	central	63900.00	moderate
False	28	central	80300.00	moderate
False	39	eastern	57300.00	moderate
False	50	western	81700.00	moderate
False	49	central	34200.00	liberal
False	57	eastern	88700.00	conservative
True	38	eastern	49100.00	moderate
True	46	western	78300.00	moderate
False	45	western	66300.00	moderate
True	43	eastern	85200.00	moderate
False	34	western	40900.00	moderate
True	36	western	83500.00	moderate
False	40	western	36300.00	moderate
False	61	western	42700.00	moderate
True	64	central	62300.00	conservative
True	26	western	22300.00	liberal
True	27	eastern	84000.00	liberal
False	49	central	33500.00	conservative
True	18	eastern	68300.00	liberal
True	57	western	43500.00	conservative
False	47	eastern	67500.00	moderate
True	25	central	89200.00	liberal
True	34	western	60800.00	moderate
True	34	central	58000.00	moderate
True	57	western	33000.00	conservative
False	24	eastern	62500.00	conservative
False	51	eastern	76100.00	moderate
True	49	western	82400.00	moderate
False	45	western	80400.00	moderate
True	44	western	89500.00	liberal
True	24	central	49400.00	liberal
False	52	central	69900.00	moderate
False	26	western	58900.00	conservative
False	41	western	89600.00	moderate
True	28	western	88600.00	liberal
True	51	eastern	66400.00	moderate
True	21	western	87900.00	liberal
True	49	western	87900.00	conservative
False	65	central	41000.00	liberal
False	22	eastern	37500.00	conservative
True	28	western	84600.00	liberal
False	35	eastern	41800.00	conservative
True	44	western	86000.00	moderate
False	34	western	29000.00	conservative
True	53	eastern	57600.00	conservative
True	24	eastern	69400.00	liberal
False	62	eastern	74200.00	conservative
False	41	western	81500.00	moderate
False	34	western	43700.00	moderate
True	29	central	81900.00	liberal
True	31	western	68000.00	moderate
True	46	central	36700.00	moderate
True	41	eastern	76300.00	moderate
True	47	eastern	76300.00	moderate
False	49	western	56800.00	moderate
False	34	eastern	74300.00	moderate
True	61	eastern	57400.00	conservative
False	37	western	81300.00	moderate
False	43	eastern	25600.00	moderate
False	66	western	55100.00	liberal
False	28	eastern	48600.00	conservative
True	40	central	84800.00	conservative
False	39	western	78500.00	moderate
False	34	eastern	50900.00	moderate
True	40	eastern	76200.00	moderate
True	31	central	84700.00	liberal
True	35	central	70800.00	moderate
False	20	eastern	57900.00	conservative
True	58	eastern	63900.00	liberal
False	67	western	72100.00	liberal
False	32	eastern	36100.00	liberal
False	55	eastern	56100.00	liberal
False	40	eastern	58300.00	moderate
False	52	eastern	60400.00	moderate
True	69	central	23400.00	conservative
True	49	western	86000.00	moderate
False	36	eastern	81200.00	moderate
False	52	western	80500.00	moderate
True	40	eastern	39100.00	moderate
False	45	central	83900.00	moderate
False	49	western	68400.00	moderate
False	20	eastern	50400.00	conservative
False	60	western	54600.00	liberal
False	40	eastern	61500.00	moderate
True	25	central	89500.00	liberal
True	53	western	57100.00	moderate
True	61	eastern	50900.00	conservative
False	47	western	65900.00	moderate
True	60	eastern	36600.00	conservative
True	41	western	70900.00	liberal
True	69	eastern	87800.00	conservative
True	56	western	73400.00	conservative
False	19	eastern	68200.00	moderate
False	65	western	39200.00	liberal
False	56	western	64900.00	liberal
True	37	central	68900.00	moderate
True	37	central	67000.00	moderate
False	45	eastern	58700.00	moderate
False	37	western	43100.00	moderate
False	44	western	64000.00	moderate
True	41	central	85000.00	moderate
False	50	eastern	21900.00	conservative
False	40	central	86700.00	moderate
False	50	central	23800.00	moderate
False	59	eastern	88100.00	liberal
True	53	eastern	45900.00	moderate
True	52	western	59400.00	moderate
True	20	eastern	56100.00	conservative
False	48	western	89400.00	conservative
False	43	central	65200.00	moderate
False	68	eastern	24300.00	liberal
False	29	central	80800.00	conservative
True	51	western	75700.00	moderate
False	35	eastern	88300.00	moderate
False	41	central	83900.00	conservative
True	20	eastern	84800.00	liberal
True	53	western	68500.00	moderate
False	26	central	27400.00	conservative
False	21	central	57900.00	conservative
True	45	eastern	63900.00	moderate
True	33	eastern	81300.00	conservative
True	44	western	65800.00	moderate
False	42	eastern	69700.00	moderate
True	56	eastern	36800.00	conservative
True	38	western	26000.00	liberal
True	34	eastern	61100.00	moderate
False	43	central	48300.00	moderate
False	47	central	25900.00	moderate
False	51	western	52300.00	moderate
True	51	eastern	39000.00	moderate
True	65	eastern	32500.00	conservative
True	25	central	77800.00	liberal
True	35	eastern	87500.00	conservative
True	63	central	78500.00	conservative
True	39	western	84300.00	moderate
True	40	western	33600.00	moderate
False	31	eastern	87700.00	conservative
False	23	central	84900.00	liberal
True	40	eastern	32100.00	moderate
False	32	eastern	82700.00	moderate
True	38	central	46100.00	moderate
True	40	western	64300.00	moderate
True	60	eastern	43500.00	moderate
False	62	central	36400.00	liberal
False	61	western	77400.00	liberal
True	60	central	79600.00	moderate
False	49	eastern	35400.00	moderate
True	40	western	79900.00	liberal
False	66	western	22100.00	liberal
False	43	eastern	74500.00	moderate
True	42	central	85200.00	moderate
False	47	eastern	49300.00	moderate
True	46	eastern	51800.00	moderate
True	44	western	46900.00	moderate
False	58	eastern	81400.00	liberal
False	66	eastern	52200.00	liberal
True	51	western	64100.00	moderate
True	61	central	73100.00	conservative
False	19	eastern	86300.00	conservative
False	44	eastern	89600.00	moderate
True	44	central	87300.00	moderate
True	31	eastern	58400.00	moderate
True	48	western	34100.00	moderate
True	63	western	87600.00	moderate
False	45	eastern	82900.00	moderate
False	45	western	50500.00	moderate
False	21	western	20600.00	moderate
True	50	western	87800.00	moderate
True	35	western	53800.00	moderate
True	29	central	76100.00	liberal
False	25	western	34500.00	moderate
True	46	eastern	72400.00	moderate
True	63	central	90000.00	liberal
False	30	western	59200.00	liberal
True	32	eastern	50900.00	moderate
False	38	western	84500.00	moderate
False	53	eastern	68300.00	moderate
False	33	eastern	28600.00	moderate
False	34	western	87000.00	moderate
False	44	central	77600.00	moderate
True	38	eastern	83200.00	moderate
True	40	western	84700.00	moderate
False	46	western	62200.00	moderate
True	36	eastern	57000.00	moderate
False	31	eastern	73800.00	moderate
False	54	eastern	82000.00	liberal
False	52	eastern	43400.00	moderate
False	60	eastern	39100.00	liberal
False	38	eastern	87400.00	moderate
True	50	eastern	36500.00	moderate
True	45	eastern	37600.00	moderate
False	59	western	56400.00	conservative
True	58	central	46900.00	conservative
True	19	eastern	53800.00	liberal
False	25	central	90000.00	conservative
True	44	eastern	89800.00	moderate
False	18	eastern	37700.00	conservative
True	44	western	21000.00	liberal
False	31	eastern	54400.00	moderate
False	42	western	86200.00	moderate
False	57	eastern	25400.00	liberal
True	59	western	87100.00	liberal
True	55	central	87300.00	moderate
False	38	central	83900.00	moderate
True	25	western	56300.00	liberal
True	40	western	89400.00	moderate
True	22	eastern	29300.00	liberal
False	60	eastern	47400.00	liberal
True	32	western	57600.00	moderate
True	36	western	77700.00	moderate
True	63	central	74400.00	conservative
False	25	western	77300.00	conservative
False	38	western	29600.00	moderate
True	54	western	34100.00	conservative
True	36	central	44200.00	moderate
True	45	central	35400.00	moderate
False	66	central	82700.00	conservative
False	23	eastern	86300.00	conservative
True	42	western	87900.00	moderate
True	45	western	75500.00	moderate
False	30	central	64600.00	conservative
False	29	eastern	83300.00	conservative
True	29	western	34300.00	liberal
True	41	central	78900.00	moderate
True	52	eastern	40100.00	moderate
True	19	central	49600.00	liberal
False	20	central	47700.00	conservative
True	64	central	83200.00	conservative
True	21	central	50300.00	liberal
False	36	western	40200.00	moderate
True	27	eastern	87200.00	liberal
True	47	western	23700.00	moderate
True	26	eastern	27300.00	liberal
True	41	eastern	31000.00	moderate
True	53	central	70300.00	moderate
False	36	central	62300.00	moderate
True	67	eastern	83400.00	conservative
False	62	eastern	62400.00	moderate
False	22	western	80200.00	conservative
True	40	eastern	77700.00	moderate
True	49	western	79000.00	moderate
False	23	central	89700.00	conservative
True	60	western	62700.00	conservative
True	29	central	77600.00	liberal
False	24	eastern	44100.00	conservative
True	37	western	88600.00	moderate
True	59	eastern	77200.00	moderate
True	61	western	68600.00	conservative
True	33	eastern	25100.00	moderate
True	46	central	89300.00	moderate
False	41	western	51700.00	moderate
True	22	central	35000.00	conservative
False	61	central	29800.00	liberal
False	48	eastern	29200.00	moderate
False	28	western	66900.00	moderate
False	51	eastern	62300.00	moderate
False	34	western	64100.00	moderate
False	54	western	52900.00	liberal
False	46	central	47200.00	moderate
False	31	eastern	87000.00	conservative
True	30	central	87900.00	liberal
False	29	eastern	43200.00	conservative
True	32	central	32500.00	moderate
True	46	western	67800.00	moderate
False	40	western	20200.00	moderate
False	58	eastern	26500.00	liberal
True	27	western	84800.00	liberal
True	59	western	84300.00	liberal
False	28	eastern	77300.00	conservative
True	36	western	83900.00	moderate
False	26	western	75400.00	conservative
False	43	eastern	78200.00	conservative
False	33	central	56000.00	moderate
True	59	eastern	23300.00	conservative
True	52	central	87000.00	conservative
False	37	western	65800.00	moderate
False	37	western	45500.00	moderate
True	21	eastern	70700.00	liberal
True	43	western	84300.00	moderate
True	47	western	31600.00	moderate
True	59	eastern	25200.00	conservative
True	57	western	53600.00	conservative
False	67	central	52000.00	liberal
False	52	central	26200.00	moderate
True	50	eastern	20600.00	conservative
True	43	central	51700.00	moderate
False	66	western	52100.00	liberal
True	35	eastern	86100.00	moderate
True	24	eastern	87500.00	conservative
True	51	western	40900.00	moderate
True	22	central	89100.00	liberal
True	21	western	87300.00	liberal
